"题目ID_371",
"题目ID_1031",
"题目ID_1205",
"题目ID_1824",
"题目ID_1032",
"题目ID_1891",
"题目ID_1023",
"题目ID_1418",
"题目ID_1645",
"题目ID_222",
"题目ID_1900",
"题目ID_1582",
"题目ID_110",
"题目ID_1796",
"题目ID_1862",
"题目ID_680",
"题目ID_1769",
"题目ID_1692",
"题目ID_1461",
"题目ID_180",
"题目ID_1224",
"题目ID_1349",
"题目ID_1189",
"题目ID_2010",
"题目ID_788",
"题目ID_953",
"题目ID_2058",
"题目ID_768",
"题目ID_1432",
"题目ID_734",
"题目ID_1050",
"题目ID_1004",
"题目ID_2035",
"题目ID_660",
"题目ID_1604",
"题目ID_1331",
"题目ID_671",
"题目ID_956",
"题目ID_1835",
"题目ID_99",
"题目ID_1625",
"题目ID_16",
"题目ID_752",
"题目ID_1033",
"题目ID_1019",
"题目ID_481",
"题目ID_1574",
"题目ID_2137",
"题目ID_300",
"题目ID_2095",
"题目ID_2027",
"题目ID_195",
"题目ID_565",
"题目ID_171",
"题目ID_48",
"题目ID_1547",
"题目ID_836",
"题目ID_1710",
"题目ID_383",
"题目ID_214",
"题目ID_1955",
"题目ID_1048",
"题目ID_2012",
"题目ID_644",
"题目ID_10",
"题目ID_1987",
"题目ID_1839",
"题目ID_990",
"题目ID_1489",
"题目ID_648",
"题目ID_342",
"题目ID_1927",
"题目ID_2084",
"题目ID_409",
"题目ID_1410",
"题目ID_1147",
"题目ID_1779",
"题目ID_1846",
"题目ID_1435",
"题目ID_1588",
"题目ID_405",
"题目ID_772",
"题目ID_346",
"题目ID_1304",
"题目ID_1694",
"题目ID_197",
"题目ID_708",
"题目ID_1301",
"题目ID_314",
"题目ID_111",
"题目ID_901",
"题目ID_1059",
"题目ID_1701",
"题目ID_118",
"题目ID_454",
"题目ID_544",
"题目ID_338",
"题目ID_748",
"题目ID_93",
"题目ID_1951",
"题目ID_1427",
"题目ID_575",
"题目ID_1367",
"题目ID_1237",
"题目ID_416",
"题目ID_261",
"题目ID_1517",
"题目ID_2042",
"题目ID_1609",
"题目ID_975",
"题目ID_1394",
"题目ID_1482",
"题目ID_599",
"题目ID_227",
"题目ID_2154",
"题目ID_1028",
"题目ID_181",
"题目ID_1739",
"题目ID_861",
"题目ID_1280",
"题目ID_613",
"题目ID_327",
"题目ID_1631",
"题目ID_2131",
"题目ID_221",
"题目ID_1345",
"题目ID_866",
"题目ID_1283",
"题目ID_2003",
"题目ID_942",
"题目ID_381",
"题目ID_588",
"题目ID_1109",
"题目ID_25",
"题目ID_1963",
"题目ID_134",
"题目ID_1475",
"题目ID_696",
"题目ID_1990",
"题目ID_1675",
"题目ID_1440",
"题目ID_1696",
"题目ID_1429",
"题目ID_560",
"题目ID_1051",
"题目ID_81",
"题目ID_616",
"题目ID_1451",
"题目ID_623",
"题目ID_561",
"题目ID_1141",
"题目ID_940",
"题目ID_526",
"题目ID_435",
"题目ID_193",
"题目ID_1250",
"题目ID_2069",
"题目ID_1663",
"题目ID_666",
"题目ID_1090",
"题目ID_829",
"题目ID_761",
"题目ID_382",
"题目ID_834",
"题目ID_1423",
"题目ID_1964",
"题目ID_1526",
"题目ID_66",
"题目ID_2064",
"题目ID_449",
"题目ID_68",
"题目ID_439",
"题目ID_809",
"题目ID_2088",
"题目ID_286",
"题目ID_534",
"题目ID_390",
"题目ID_1161",
"题目ID_497",
"题目ID_196",
"题目ID_1676",
"题目ID_1770",
"题目ID_63",
"题目ID_1075",
"题目ID_2153",
"题目ID_1735",
"题目ID_2144",
"题目ID_1653",
"题目ID_1234",
"题目ID_1276",
"题目ID_1268",
"题目ID_2151",
"题目ID_1096",
"题目ID_1426",
"题目ID_1590",
"题目ID_1129",
"题目ID_436",
"题目ID_1857",
"题目ID_1365",
"题目ID_870",
"题目ID_961",
"题目ID_1462",
"题目ID_1746",
"题目ID_1853",
"题目ID_875",
"题目ID_1107",
"题目ID_263",
"题目ID_451",
"题目ID_433",
"题目ID_1898",
"题目ID_1717",
"题目ID_1348",
"题目ID_744",
"题目ID_486",
"题目ID_137",
"题目ID_1712",
"题目ID_86",
"题目ID_258",
"题目ID_969",
"题目ID_1242",
"题目ID_1637",
"题目ID_1123",
"题目ID_1274",
"题目ID_26",
"题目ID_697",
"题目ID_1571",
"题目ID_1597",
"题目ID_973",
"题目ID_2106",
"题目ID_1714",
"题目ID_2023",
"题目ID_1117",
"题目ID_1958",
"题目ID_1513",
"题目ID_2112",
"题目ID_1491",
"题目ID_224",
"题目ID_1313",
"题目ID_103",
"题目ID_420",
"题目ID_341",
"题目ID_1204",
"题目ID_1523",
"题目ID_2118",
"题目ID_930",
"题目ID_41",
"题目ID_44",
"题目ID_780",
"题目ID_857",
"题目ID_1140",
"题目ID_569",
"题目ID_2143",
"题目ID_717",
"题目ID_446",
"题目ID_1191",
"题目ID_1054",
"题目ID_1821",
"题目ID_2149",
"题目ID_1381",
"题目ID_1233",
"题目ID_1471",
"题目ID_1815",
"题目ID_58",
"题目ID_172",
"题目ID_583",
"题目ID_1730",
"题目ID_473",
"题目ID_1841",
"题目ID_1610",
"题目ID_1323",
"题目ID_520",
"题目ID_1452",
"题目ID_1021",
"题目ID_1464",
"题目ID_101",
"题目ID_922",
"题目ID_175",
"题目ID_1954",
"题目ID_1937",
"题目ID_1244",
"题目ID_1337",
"题目ID_2152",
"题目ID_1991",
"题目ID_1222",
"题目ID_673",
"题目ID_852",
"题目ID_1264",
"题目ID_1073",
"题目ID_1385",
"题目ID_116",
"题目ID_1890",
"题目ID_1044",
"题目ID_29",
"题目ID_1311",
"题目ID_1037",
"题目ID_1154",
"题目ID_964",
"题目ID_1699",
"题目ID_146",
"题目ID_336",
"题目ID_835",
"题目ID_388",
"题目ID_1981",
"题目ID_1646",
"题目ID_1685",
"题目ID_52",
"题目ID_1752",
"题目ID_443",
"题目ID_897",
"题目ID_1393",
"题目ID_705",
"题目ID_1838",
"题目ID_121",
"题目ID_898",
"题目ID_1728",
"题目ID_1307",
"题目ID_728",
"题目ID_1913",
"题目ID_109",
"题目ID_19",
"题目ID_654",
"题目ID_1421",
"题目ID_1677",
"题目ID_2102",
"题目ID_14",
"题目ID_1271",
"题目ID_937",
"题目ID_1010",
"题目ID_1127",
"题目ID_602",
"题目ID_125",
"题目ID_140",
"题目ID_783",
"题目ID_491",
"题目ID_518",
"题目ID_250",
"题目ID_1399",
"题目ID_971"